0759,啊
7093,阿
1002,埃
2179,挨
0740,哎
0780,唉
0755,哀
4114,皚
4074,癌
5676,藹
4253,矮
5337,艾
4293,礙
1947,愛
7137,隘
7254,鞍
8637,氨
1344,安
0219,俺
2174,按
2542,暗
1489,岸
5143,胺
2714,案
7542,肮
2491,昂
4138,盎
0425,凹
2407,敖
3581,熬
5063,翱
5984,襖
0277,傲
1159,奧
2020,懊
3421,澳
5359,芭
2193,捌
2091,扒
0665,叭
0721,吧
4576,笆
9908,八
9808,八
0360,八
9708,八
4002,疤
1572,巴
2149,拔
6405,跋
7249,靶
2116,把
5090,耙
8218,壩
1056,壩
7218,霸
6011,霸
5007,罷
3640,爸
4101,白
2672,柏
4102,百
2369,擺
0184,佰
2408,敗
2157,拜
4458,稗
2432,斑
3803,班
2289,搬
2104,扳
5301,般
7317,頒
2647,板
3652,版
2101,扮
2142,拌
0133,伴
3904,瓣
0584,半
6586,辦
4810,絆
6721,邦
1620,幫
2735,梆
2831,榜
5218,膀
4834,綁
2761,棒
4319,磅
5732,蚌
6967,鎊
0266,傍
6196,謗
5383,苞
5165,胞
0545,包
5988,褒
0475,剝
5631,薄
7192,雹
0202,保
1027,堡
7394,飽
1405,寶
2128,抱
1032,報
2552,暴
6283,豹
7637,鮑
3915,爆
3615,爆
2637,杯
4301,碑
1896,悲
0585,卑
0554,北
6543,輩
5154,背
6296,貝
0223,倍
3709,狽
0271,備
1994,憊
3538,焙
5926,被
1149,奔
0058,苯
2609,本
4570,笨
1514,崩
4855,繃
8005,甭
3119,泵
6498,蹦
6618,迸
6656,逼
7865,鼻
3024,比
6766,鄙
4581,筆
1764,彼
4310,碧
5557,蓖
5599,蔽
3968,畢
2426,斃
3025,毖
1578,幣
1642,庇
4036,痹
7028,閉
2411,敝
1705,弊
1801,必
6582,辟
1084,壁
5242,臂
6699,避
7103,陛
7267,鞭
6708,邊
4882,編
6312,貶
2078,扁
0189,便
6239,變
0593,卞
6587,辨
6589,辯
4947,辮
6664,遍
2871,標
1753,彪
9136,膘
5903,表
7667,鱉
0446,別
4085,癟
1755,彬
2430,斌
3464,瀕
3453,濱
6333,賓
2363,擯
0365,兵
0393,冰
2671,柄
0014,丙
4426,秉
7399,餅
3521,炳
4016,病
1629,❹
3788,玻
5474,菠
2330,播
2328,撥
6886,缽
3134,波
0590,博
0514,勃
2276,搏
6896,鉑
4613,箔
0130,伯
1591,帛
5306,舶
9126,脖
5225,膊
3258,渤
3124,泊
7463,駁
2198,捕
0592,蔔
0773,哺
5943,補
1009,埠
0008,不
1580,布
2975,步
4689,簿
6752,部
1831,怖
2361,擦
3719,猜
5932,裁
2624,材
2088,才
6299,財
4174,睬
6425,踩
6846,采
6845,采
1752,彩
5475,菜
5591,蔡
7404,餐
0639,參
5729,蠶
2995,殘
1974,慚
1971,慘
3503,燦
3605,燦
5547,蒼
5319,艙
0221,倉
3318,滄
5661,藏
2347,操
4751,糙
2864,槽
2580,曹
5430,草
0527,廁
0627,廁
4595,策
0258,側
0374,冊
3261,測
1461,層
6479,蹭
2252,插
2096,叉
0643,叉
9173,茬
5420,茶
2686,查
4329,碴
2258,搽
1390,察
1479,岔
1567,差
6109,詫
2135,拆
2693,柴
6284,豺
2356,攙
2296,摻
5848,蟬
7443,饞
6243,讒
4961,纏
6980,鏟
3934,產
7073,闡
7358,顫
2490,昌
3715,猖
1034,場
0863,嘗
1603,常
7022,長
0326,償
5214,腸
0617,廠
2412,敞
2545,暢
0788,唱
0235,倡
6389,超
2113,抄
6872,鈔
2600,朝
0877,嘲
3390,潮
1560,巢
0703,吵
3509,炒
6508,車
2102,扯
2327,撤
2233,掣
1796,徹
3400,澈
6754,郴
5256,臣
6591,辰
1057,塵
2525,晨
1820,忱
3089,沉
7115,陳
6387,趁
6000,襯
2319,撐
2300,撐
4468,稱
1004,城
2892,橙
2052,成
0701,呈
0042,乘
4453,程
2033,懲
3397,澄
6134,誠
2110,承
6642,逞
7488,騁
4439,秤
0676,吃
4035,癡
2170,持
0555,匙
3069,池
6688,遲
1716,弛
7459,馳
5103,恥
7876,齒
0172,侈
1439,尺
6375,赤
5041,翅
2444,斥
3589,熾
0339,充
0394,沖
5722,蟲
1504,崇
1404,寵
2132,抽
6804,酬
3985,疇
6486,躊
4464,稠
1935,愁
4693,籌
0092,仇
4846,綢
4197,瞅
0010,醜
5263,臭
0443,初
0427,出
8599,櫥
1676,廚
6484,躇
6915,鋤
7176,雛
3315,滁
7110,除
2806,楚
4342,礎
0328,儲
4238,矗
2294,搐
6051,觸
5710,處
2260,揣
1557,川
4502,穿
2796,椽
0278,傳
5307,船
0820,喘
0025,串
4056,瘡
4514,窗
1617,幢
1643,床
7068,闖
0482,創
0706,吹
3507,炊
2211,捶
6925,錘
0987,垂
2504,春
2797,椿
6815,醇
0782,唇
8708,淳
3196,淳
4783,純
5868,蠢
2067,戳
4862,綽
4009,疵
5412,茨
4318,磁
7166,雌
6588,辭
1964,慈
8851,瓷
3911,瓷
6101,詞
2974,此
0459,刺
6337,賜
2945,次
5115,聰
5523,蔥
0935,囪
8116,匆
1783,從
0654,叢
0410,湊
4723,粗
6818,醋
4662,簇
0191,促
4533,躥
4647,篡
2301,摧
1508,崔
脆,0275
瘁,5186
粹,4041
淬,4733
5050,翠
2625,村
1317,存
1407,寸
4322,磋
2331,撮
2238,搓
2278,搓
2181,措
2290,錯
6934,錯
6671,搭
4594,達
4079,答
2092,瘩
1129,打
0714,大
2983,呆
2071,傣
7831,傣
1601,戴
2990,帶
6313,代
0108,代
5915,貸
1769,待
6649,待
5104,怠
1836,怠
2137,耽
0830,丹
0030,丹
6779,單
8473,鄲
9116,撣
2481,膽
8644,氮
0141,但
1998,憚
3225,淡
6130,誕
1734,彈
5751,蛋
3981,當
2346,擋
7825,黨
8093,黨
5616,蕩
2909,檔
0430,刀
2281,搗
6457,蹈
0227,倒
1497,島
4411,禱
1418,導
0451,到
4470,稻
1902,悼
6670,道
4142,盜
1795,德
1779,得
4104,的
6478,蹬
3597,燈
4098,登
4583,等
4223,瞪
0419,凳
6772,鄧
1029,堤
0144,低
3336,滴
6611,迪
2420,敵
4564,笛
3695,狄
3321,滌
5049,翟
1279,嫡
2107,抵
1646,底
0966,地
5530,蒂
4574,第
1593,帝
1717,弟
6677,遞
4877,締
7351,顛
2195,掂
3329,滇
4290,碘
7820,點
0368,典
7233,靛
1067,墊
7193,電
0140,佃
3949,甸
1648,店
1855,惦
1156,奠
3244,澱
3013,殿
4306,碉
7171,雕
0406,凋
0431,刁
2220,掉
0680,吊
6860,釣
6148,調
6407,跌
3638,爹
4308,碟
5805,蝶
6613,迭
6183,諜
0655,疊
0002,丁
4169,盯
0666,叮
6857,釘
7307,頂
7844,鼎
6928,錠
1353,定
6057,訂
0016,丟
2639,東
0392,冬
5516,董
2016,懂
0520,動
2767,棟
0179,侗
1871,恫
0408,凍
3159,洞
0351,兜
2122,抖
2435,鬥
7107,陡
6258,豆
6637,逗
4026,痘
6757,都
4206,督
3021,毒
3685,犢
3747,獨
6236,讀
1035,堵
4212,睹
6350,賭
2629,杜
6947,鍍
5137,肚
1653,度
3256,渡
1176,妒
4551,端
4252,短
6939,鍛
3008,段
2451,斷
4876,緞
1018,堆
0345,兌
7130,隊
1417,對
1076,墩
0903,噸
6472,蹲
2415,敦
7319,頓
0937,囤
6868,鈍
4163,盾
6658,遁
2218,掇
8135,哆
1122,多
1161,奪
1000,垛
6503,躲
2614,朵
1118,跺
5305,舵
0449,剁
1924,惰
1077,墮
5760,蛾
1494,峨
7709,鵝
0192,俄
7345,額
6073,訛
1230,娥
1921,惡
0618,厄
2108,扼
6666,遏
6759,鄂
7408,餓
1869,恩
0334,兒
0348,兒
5101,耳
1422,爾
7403,餌
3167,洱
5079,二
0059,二
9902,二
9802,二
9702,二
1708,貳
4099,發
5000,罰
4589,筏
0127,伐
0040,乏
7042,閥
3127,法
8828,琺
5672,藩
1581,帆
3972,番
5064,翻
2868,樊
4345,礬
9440,釩
5440,釩
4907,繁
0416,凡
3565,煩
0646,反
6604,返
5400,範
6305,販
3690,犯
7391,飯
3131,泛
0972,坊
5364,芳
2455,方
9112,肪
2075,房
7089,防
1186,妨
0119,仿
6078,訪
4791,紡
2397,放
5481,菲
7236,非
0803,啡
7378,飛
5142,肥
0564,匪
6145,誹
0693,吠
5151,肺
1683,廢
3110,沸
6316,費
5358,芬
1568,酚
0695,吩
3050,氛
0433,分
4788,紛
0970,墳
3539,焚
3083,汾
4720,粉
1164,奮
0118,份
1825,忿
2001,憤
4747,糞
0023,豐
1409,封
2800,楓
5762,蜂
1496,峰
6912,鋒
7364,風
4045,瘋
3536,烽
6646,逢
7458,馮
4911,縫
6174,諷
1144,奉
7685,鳳
0154,佛
0694,否
1133,夫
2421,敷
5227,膚
1335,孵
2105,扶
2133,拂
6553,輻
1607,幅
8636,氟
4569,符
0126,伏
0199,俘
2591,服
3187,浮
3242,涪
4395,福
5931,袱
1715,弗
3940,甫
2329,撫
6534,輔
0214,俯
6858,釜
2445,斧
5194,脯
5202,腑
1650,府
5201,腐
6384,赴
6010,覆
6346,賦
1788,複
0265,傅
0479,付
0102,付
7079,阜
3637,父
5215,腹
6298,負
1381,富
6058,訃
7096,附
1244,婦
4902,縛
0696,咐
0900,噶
0867,嘎
6115,該
2395,改
2861,概
6862,鈣
5556,蓋
3346,溉
1626,幹
3927,甘
2616,杆
2674,柑
4557,竿
5139,肝
6385,趕
1949,感
4427,稈
2413,敢
6373,贛
1481,岡
0474,剛
6921,鋼
4971,缸
5138,肛
4854,綱
1511,崗
3263,港
8530,杠
4643,篙
4108,皋
7559,高
5221,膏
5021,羔
4741,糕
2269,搞
6964,鎬
4473,稿
0707,告
0766,哥
2960,歌
2364,擱
2047,戈
7704,鴿
5163,胳
4095,疙
0480,割
7245,革
5514,葛
2706,格
5756,蛤
7041,閣
7133,隔
9459,鉻
0020,個
0677,各
4822,給
2704,根
6418,跟
5087,耕
2577,更
1649,庚
5036,羹
8217,埂
5105,耿
2739,梗
1562,工
2396,攻
0501,功
1872,恭
7895,龔
0180,供
6501,躬
0361,公
1362,宮
1712,弓
7255,鞏
3074,汞
2162,拱
6300,貢
0364,共
6869,鉤
0551,勾
3297,溝
5384,苟
3699,狗
0996,垢
2845,構
6356,購
1124,夠
6581,辜
5466,菇
0734,咕
4611,箍
0131,估
3114,沽
1324,孤
1196,姑
7849,鼓
0657,古
5872,蠱
7539,骨
6253,穀
5140,股
2399,故
7357,顧
0942,固
7163,雇
0450,刮
3900,瓜
0478,剮
1391,寡
2171,掛
5962,褂
0041,乖
2145,拐
1843,怪
2778,棺
7070,關
1351,官
0385,冠
6034,觀
4619,管
7419,館
4984,罐
1977,慣
3487,灌
6306,貫
0342,光
1639,廣
6640,逛
3855,瑰
6016,規
0964,圭
8944,矽
2981,歸
7898,龜
7043,閨
6510,軌
7607,鬼
6111,詭
4097,癸
2710,桂
2681,櫃
6422,跪
6311,貴
0492,劊
6547,輥
3340,滾
2760,棍
6938,鍋
6753,郭
0948,國
2654,果
5955,裹
6665,過
0761,哈
7546,骸
1326,孩
3189,海
8640,氦
0075,亥
1364,害
7480,駭
6799,酣
2003,憨
6725,邯
7281,韓
0698,含
3211,涵
1383,寒
0428,函
0815,喊
4988,罕
5060,翰
2338,撼
2194,捍
2487,旱
2013,憾
1880,悍
3549,焊
3063,汗
3352,漢
1137,夯
2635,杭
5300,航
1091,壕
0866,嚎
6275,豪
3032,毫
6787,郝
1170,好
5088,耗
5714,號
3185,浩
0725,呵
0824,喝
3235,菏
2702,核
4421,禾
0735,和
0149,何
0678,合
4139,盒
6288,貉
7039,閡
3109,河
3212,涸
6378,赫
5964,褐
7729,鶴
6320,賀
0884,嘿
7815,黑
4024,痕
1771,很
3703,狠
1868,恨
0774,哼
0077,亨
2897,橫
5899,衡
1854,恒
6575,轟
0758,哄
3530,烘
5725,虹
7703,鴻
3163,洪
1347,宏
1738,弘
4767,紅
0814,喉
0186,侯
3729,猴
0709,吼
0624,厚
0230,候
0683,後
0729,呼
0039,乎
1824,忽
3840,瑚
1106,壺
5519,葫
5170,胡
5814,蝴
3698,狐
4739,糊
3275,湖
1721,弧
5706,虎
0801,唬
6233,護
0062,互
3337,滬
2073,戶
5363,花
0873,嘩
5478,華
3736,猾
3323,滑
3937,畫
3973,畫
0439,劃
0553,化
6114,話
2849,槐
1773,徊
2037,懷
3232,淮
0975,壞
2970,歡
3883,環
2719,桓
6703,還
4883,緩
2255,換
1891,患
0822,喚
4050,瘓
6273,豢
3562,煥
3251,渙
1360,宦
1634,幻
5435,荒
1967,慌
7806,黃
4337,磺
5794,蝗
4679,簧
4106,皇
0420,凰
1929,惶
3552,煌
2515,晃
1610,幌
1857,恍
6192,謊
3500,灰
2264,揮
6540,輝
1798,徽
1863,恢
5784,蛔
0932,回
3014,毀
1882,悔
1979,慧
0583,卉
1920,惠
2526,晦
6325,賄
4486,穢
2585,會
2476,燴
0565,匯
6172,諱
6140,誨
4940,繪
5526,葷
2495,昏
1241,婚
3268,魂
7609,渾
3236,混
6255,豁
3172,活
0129,夥
3499,火
3752,獲
2057,或
1910,惑
7202,霍
6303,貨
4393,禍
2345,擊
0969,圾
1015,基
2623,機
3982,畸
4472,稽
4480,積
4614,箕
5133,肌
7382,饑
6619,跡
3423,激
6217,譏
7741,雞
1213,姬
4921,績
4874,緝
0679,吉
2817,極
2765,棘
6549,輯
4694,籍
7162,集
0644,及
1838,急
4014,疾
0378,汲
3078,汲
0613,即
1271,嫉
4878,級
4787,級
2357,擠
0415,幾
5182,脊
1569,己
5636,薊
2111,技
0370,冀
1323,季
0125,伎
4385,祭
0495,劑
1900,悸
3444,濟
1376,寄
1374,寂
6060,計
6068,記
2478,既
1803,忌
7139,際
1178,妓
4949,繼
4764,紀
0857,嘉
2666,枷
1140,夾
0163,佳
1367,家
0502,加
5453,莢
7335,頰
6328,賈
3946,甲
6905,鉀
0250,假
4471,稼
0116,價
2665,架
7468,駕
1268,嫁
3005,殲
4148,監
1017,堅
1423,尖
4608,箋
7035,間
3553,煎
0369,兼
5144,肩
5329,艱
1169,奸
4873,緘
4942,繭
2914,檢
2687,柬
4354,堿
7769,鹼
8969,鹼
2245,揀
4675,簡
0313,儉
0477,剪
8096,減
5433,薦
2920,檻
7003,鑒
6432,踐
6345,賤
6015,見
6943,鍵
4628,箭
0115,件
0256,健
5324,艦
0494,劍
7415,餞
3362,漸
3457,濺
3386,澗
1696,建
0304,僵
1302,薑
1203,薑
1412,將
3364,漿
3068,江
3984,疆
5592,蔣
2862,槳
1162,獎
6199,講
0561,匠
6830,醬
7100,降
5604,蕉
2786,椒
4339,礁
3542,焦
5231,膠
0074,交
6738,郊
3398,澆
7524,驕
1293,嬌
0920,嚼
2383,攪
6890,鉸
4255,矯
0299,僥
5183,腳
3701,狡
6037,角
7398,餃
4945,繳
4819,絞
0485,剿
8464,剿
2403,教
6806,酵
6569,轎
6525,較
0663,叫
4512,窖
2263,揭
2234,接
4105,皆
4447,秸
5894,街
7132,階
2066,截
0506,劫
4634,節
2720,桔
0267,傑
2638,傑
2212,捷
4208,睫
4550,竭
3381,潔
4814,結
6043,解
1195,姐
2054,戒
5659,藉
5354,芥
3954,界
0234,借
0094,介
4003,疥
6135,誡
1447,屆
1577,巾
4585,筋
2443,斤
6855,金
0093,今
3160,津
5992,襟
5995,襟
4868,緊
6930,錦
0284,僅
6310,謹
6210,謹
6651,進
7246,靳
2516,晉
4391,禁
6602,近
3612,燼
3190,浸
4147,盡
0513,勁
5427,荊
0352,兢
5449,莖
4200,睛
2533,晶
7650,鯨
0079,京
7528,驚
4737,精
4734,粳
4842,經
0064,井
6224,警
6226,警
2529,景
7338,頸
7234,靜
1064,境
2417,敬
6975,鏡
1777,徑
3997,痙
7231,靖
4552,竟
4544,競
0403,淨
3518,炯
4515,窘
2262,揪
4496,究
4763,糾
3773,玖
7295,韭
0036,久
3502,灸
9909,九
9709,九
9809,九
0046,九
6794,酒
1673,廄
2405,救
5283,舊
5273,臼
5279,舅
0736,咎
1432,就
3998,疚
7263,鞠
2153,拘
3700,狙
4013,疽
1446,居
7467,駒
5468,菊
1444,局
0731,咀
4251,矩
5282,舉
3107,沮
5112,聚
2147,拒
2207,據
1565,巨
0367,具
6415,距
6436,踞
6920,鋸
0215,俱
0658,句
2040,懼
3515,炬
0489,劇
2196,捐
7710,鵑
1227,娟
0239,倦
4187,眷
0608,卷
4831,絹
2313,撅
2384,攫
2115,抉
2228,掘
8056,倔
3635,爵
6030,覺
0414,決
6076,決
4815,絕
0971,均
5497,菌
6874,鈞
6511,軍
0689,君
1498,峻
0193,俊
4546,竣
3182,浚
6746,郡
7486,駿
0807,喀
0739,咖
0595,卡
0748,咯
7030,開
2261,揩
2818,楷
0418,凱
1980,慨
0436,刊
1030,堪
0522,勘
0974,坎
4266,砍
4170,看
1660,康
1988,慷
4749,糠
2095,扛
2123,抗
0073,亢
3510,炕
5072,考
2166,拷
3628,烤
7237,靠
0985,坷
5381,苛
2688,柯
2644,棵
4326,磕
7341,顆
4430,科
8199,殼
0750,咳
0668,可
3265,渴
0344,克
0466,刻
1356,客
6143,課
5146,肯
8186,啃
1083,墾
2017,懇
0977,坑
0699,吭
4500,空
1858,恐
1313,孔
2235,控
2305,摳
0656,口
2099,扣
1379,寇
2661,枯
0770,哭
4516,窟
5388,苦
6807,酷
1655,庫
5974,褲
1139,誇
1006,垮
2175,挎
6421,跨
5169,胯
1040,塊
4599,筷
0312,儈
1816,快
1401,寬
2949,款
0562,匡
4590,筐
3693,狂
2713,框
4349,礦
4186,眶
2568,曠
0400,況
5719,虧
4140,盔
8354,巋
4529,窺
5525,葵
1145,奎
7608,魁
0264,傀
7432,饋
1951,愧
3391,潰
0981,坤
2492,昆
2190,捆
0938,困
2161,括
2368,擴
1674,廓
7059,闊
0998,垃
2139,拉
0812,喇
5779,蠟
5198,臘
6584,辣
0784,啦
5490,萊
0171,來
6351,賴
5663,藍
1245,婪
2936,欄
2374,攔
4691,籃
7061,闌
5695,蘭
3482,瀾
9301,讕
2385,攬
6031,覽
2036,懶
4968,纜
3620,爛
3448,濫
3809,琅
2826,榔
3708,狼
1671,廊
6745,郎
2597,朗
3186,浪
2318,撈
0525,勞
3666,牢
5071,老
0097,佬
1209,姥
6803,酪
3529,烙
3399,澇
0519,勒
2867,樂
7191,雷
7012,鐳
5628,蕾
4320,磊
4797,累
8079,儡
1093,壘
2341,擂
5132,肋
7352,類
3223,淚
2789,棱
2807,楞
0397,冷
0622,厘
2746,梨
3680,犁
7812,黎
4713,籬
3706,狸
7180,離
4418,離
3347,漓
3810,理
2621,李
6849,裏
7642,鯉
4409,禮
5461,莉
5408,荔
0684,吏
2698,栗
7787,麗
0632,厲
0536,勵
4351,礫
2980,曆
0448,利
0269,傈
0173,例
0196,俐
4031,痢
4539,立
4721,粒
3468,瀝
7152,隸
0500,力
3863,璃
0769,哩
5070,哩
0224,倆
5114,聯
5571,蓮
6647,連
6991,鐮
1670,廉
1995,憐
3353,漣
1588,簾
2425,斂
5245,臉
6969,鏈
2043,戀
3550,煉
4886,練
9037,糧
0404,涼
3213,涼
2733,梁
4731,粱
5328,良
0357,兩
6538,輛
6852,量
8512,晾
0081,亮
6156,諒
2316,撩
5108,聊
0297,僚
4070,療
3598,燎
1394,寥
6697,遼
3388,潦
0055,了
2297,撂
9507,鐐
1675,廖
2436,料
0441,列
5933,裂
3525,烈
0503,劣
3756,獵
3829,琳
2651,林
4340,磷
7207,霖
5259,臨
6775,鄰
7673,鱗
3218,淋
0412,凜
6324,賃
0690,吝
2146,拎
3781,玲
5480,菱
7190,零
7881,齡
6875,鈴
0134,伶
5024,羚
0407,淩
7227,靈
7117,陵
1545,嶺
7325,領
0659,另
0109,令
3296,溜
3812,琉
2839,榴
4288,硫
5130,餾
3966,留
0491,劉
4058,瘤
3177,流
2692,柳
9706,六
0362,六
9906,六
9806,六
7893,龍
5122,聾
0918,嚨
4705,籠
9002,窿
7127,隆
1096,壟
2379,攏
7150,隴
2869,樓
1236,婁
2299,摟
4664,簍
3345,漏
7097,陋
5684,蘆
4151,盧
7361,顱
1687,廬
3619,爐
2342,擄
7767,鹵
5712,虜
7627,魯
7785,麓
4294,碌
7216,露
6424,路
6323,賂
7773,鹿
3406,潞
4389,祿
6922,錄
7120,陸
2068,戮
7533,驢
0712,呂
6986,鋁
0188,侶
2464,旅
1462,履
1459,屢
4917,縷
1982,慮
3048,氯
1774,律
3764,率
3459,濾
4845,綠
1551,巒
2381,攣
1334,孿
3497,灤
0607,卵
0052,亂
2230,掠
3970,略
2241,掄
6544,輪
0243,倫
0178,侖
3229,淪
4858,綸
6158,論
5700,蘿
5828,螺
5012,羅
6709,邏
7017,鑼
4712,籮
7512,騾
4387,裸
5953,裸
5507,落
3157,洛
7482,駱
4820,絡
1265,媽
4034,麻
7802,麻
3854,瑪
4316,碼
5818,螞
7456,馬
5006,罵
0859,嘛
0834,嗎
1003,埋
6314,買
7796,麥
6344,賣
6701,邁
9115,脈
4221,瞞
7429,饅
5875,蠻
3341,滿
5585,蔓
2581,曼
1976,慢
3355,漫
6211,謾
5345,芒
5413,茫
4159,盲
3047,氓
1811,忙
5462,莽
3728,貓
5403,茅
6931,錨
3029,毛
4243,矛
9450,鉚
0602,卯
5399,茂
0379,冒
1604,帽
6290,貌
6319,貿
8010,麼
3780,玫
2653,枚
2734,梅
5326,酶
7199,黴
3561,煤
3093,沒
4168,眉
1252,媒
9485,鎂
3020,每
5019,美
2505,昧
1382,寐
1188,妹
1253,媚
7591,門
7024,門
1899,悶
0226,們
5492,萌
5536,蒙
2916,檬
4145,盟
7021,錳
3718,猛
1125,夢
1322,孟
4183,眯
5721,醚
7238,靡
4745,糜
6617,迷
6193,謎
1736,彌
4717,米
4434,秘
6017,覓
3125,泌
5778,蜜
1378,密
0389,冪
2758,棉
7258,棉
4177,眠
4875,綿
0380,冕
0346,免
0517,勉
1231,娩
4884,緬
7240,面
5379,苗
2249,描
4178,瞄
5662,藐
4432,秒
3267,渺
1680,廟
1181,妙
5583,蔑
3319,滅
3046,民
2129,抿
4129,皿
2404,敏
2006,憫
7044,閩
2494,明
5820,螟
7686,鳴
6900,銘
0682,名
0730,命
6208,謬
2307,摸
2308,摹
5704,蘑
2875,模
5229,膜
4333,磨
2302,摩
7621,魔
2130,抹
2608,末
5459,莫
1075,墨
7817,默
3106,沫
3351,漠
1389,寞
7099,陌
6180,謀
3664,牟
2673,某
2136,拇
3665,牡
3965,畝
1191,姆
3018,母
1045,墓
2550,暮
1612,幕
0927,募
1970,慕
2606,木
4158,目
4207,睦
3668,牧
4476,穆
2169,拿
0763,哪
0704,呐
6871,鈉
6719,那
1226,娜
4780,納
6036,氖
0035,乃
1168,奶
5082,耐
1143,奈
0589,南
3948,男
7181,難
0926,囊
2321,撓
5207,腦
1925,惱
9527,鬧
7593,鬧
8681,淖
0716,呢
7407,餒
0355,內
1282,嫩
5174,能
1200,妮
7206,霓
0242,倪
3136,泥
1441,尼
2362,擬
0132,你
0574,匿
5232,膩
6627,逆
3312,溺
5576,蔫
2138,拈
1628,年
4317,碾
2365,攆
2214,撚
1819,念
1224,娘
6840,釀
7680,鳥
1443,尿
2250,捏
5119,聶
5642,孽
0909,齧
7015,鑷
7105,鑷
6996,鎳
3206,涅
1849,您
2899,檸
3761,獰
3461,獰
0413,凝
1337,寧
2349,擰
3438,濘
3662,牛
2100,扭
6873,鈕
4781,紐
5240,膿
3426,濃
3593,農
6593,農
1702,弄
1167,奴
0505,努
1829,怒
1166,女
2541,暖
5707,虐
4061,瘧
2180,挪
2032,懦
4754,糯
6179,諾
2962,歐
7743,鷗
3016,毆
5665,藕
0868,嘔
0260,偶
3371,漚
3632,爬
1584,帕
1830,怕
3831,琶
2143,拍
2226,排
3654,牌
1780,徘
3269,湃
3175,派
2372,攀
3382,潘
4149,盤
4323,磐
4162,盼
3961,畔
0445,判
0651,叛
8004,乓
1690,龐
2460,旁
6590,耪
5160,胖
2141,拋
0733,咆
0442,刨
3517,炮
5916,袍
6410,跑
3133,泡
5162,胚
1014,培
5952,裴
6341,賠
7111,陪
6792,配
0160,佩
3099,沛
0899,噴
4133,盆
4280,砰
2125,抨
3534,烹
3403,澎
1756,彭
5570,蓬
2766,棚
4296,硼
4659,篷
5191,膨
2590,朋
7720,鵬
2201,捧
4314,碰
0999,坯
4268,砒
7219,霹
2106,批
2126,披
0490,劈
3832,琵
3026,毗
0802,啤
5196,脾
4006,疲
4122,皮
0572,匹
4028,痞
0306,僻
1445,屁
6229,譬
4638,篇
0252,偏
3651,片
7499,騙
7373,飄
3343,漂
3903,瓢
4384,票
2317,撇
4224,瞥
2178,拼
7340,頻
6302,貧
0756,品
5111,聘
8003,乒
0988,坪
5393,蘋
5493,萍
1627,平
0417,憑
3910,瓶
6097,評
1456,屏
0980,坡
3380,潑
7324,頗
1237,婆
4275,破
7611,魄
6612,迫
4722,粕
0472,剖
2090,撲
6917,鋪
0091,僕
5455,莆
5515,葡
5476,菩
5543,蒲
1033,埔
2613,樸
0944,圃
2528,普
3184,浦
6225,譜
2566,曝
3462,瀑
2601,期
2952,欺
2722,棲
2058,戚
1189,妻
9707,七
9807,七
9907,七
0003,七
0401,淒
3344,漆
2675,柒
0366,其
2759,棋
1142,奇
2978,歧
3971,畦
1505,崎
5247,臍
7871,齊
2475,旗
4362,祈
4359,祁
7494,騎
6386,起
6259,豈
0047,乞
0120,企
0796,啟
1148,契
4265,砌
0892,器
3049,氣
6597,迄
2757,棄
3086,汽
3135,泣
6066,訖
2225,掐
1874,恰
3174,洽
3677,牽
8422,扡
7244,釺
6884,鉛
0578,千
6692,遷
4687,簽
0107,仟
6197,謙
0051,乾
7816,黔
6929,錢
6883,鉗
0467,前
3383,潛
6680,遣
3239,淺
6232,譴
1058,塹
1523,嵌
2944,欠
2959,歉
2847,槍
0850,嗆
5204,腔
5018,羌
8255,牆
5638,薔
1730,強
2293,搶
8587,橇
6942,鍬
2418,敲
1877,悄
2890,橋
4225,瞧
0821,喬
0829,喬
0294,僑
1564,巧
2334,撬
5062,翹
1495,峭
0195,俏
4534,竅
0434,切
5401,茄
0011,且
1845,怯
4537,竊
2953,欽
0187,侵
6024,親
4440,秦
3830,琴
0530,勤
5367,芹
2350,擒
4419,禽
1392,寢
3084,沁
7230,青
6535,輕
8641,氫
0282,傾
0615,卿
3237,清
2348,擎
2532,晴
8642,氰
1906,情
7308,頃
6153,請
1987,慶
8825,瓊
4522,窮
4428,秋
8002,丘
6726,邱
3808,球
3061,求
0933,囚
6790,酋
3120,泅
6395,趨
0575,區
5747,蛆
2575,曲
6504,軀
1448,屈
7517,驅
3255,渠
0648,取
1235,娶
7889,齲
6393,趣
0637,去
0946,圈
7362,顴
2938,權
7379,醛
3123,泉
0356,全
4019,痊
2164,拳
3689,犬
0457,券
0538,勸
4972,缺
7448,炔
4063,瘸
0606,卻
7717,鵲
2854,榷
4292,確
7158,雀
5942,裙
5028,群
3544,然
3595,燃
0373,冉
2676,染
3905,瓤
1099,壤
2376,攘
0924,嚷
6245,讓
7437,饒
2371,擾
4935,繞
1931,惹
3583,熱
1103,壬
0088,仁
0086,人
1804,忍
7282,韌
0117,任
6126,認
0432,刃
1175,妊
4771,紉
2093,扔
0095,仍
2480,日
2051,戎
5422,茸
5554,蓉
2837,榮
5816,融
3579,熔
3310,溶
1369,容
4823,絨
0383,冗
2248,揉
2677,柔
5131,肉
5423,茹
5862,蠕
0320,儒
1332,孺
1172,如
6592,辱
0050,乳
3067,汝
0354,入
5970,褥
6516,軟
7086,阮
5605,蕊
3843,瑞
6904,銳
7032,閏
3387,潤
5387,若
1726,弱
2320,撒
3155,灑
5646,薩
5210,腮
7658,鰓
1049,塞
6357,賽
9903,三
0005,三
9803,三
9703,三
0638,三
0270,傘
2414,散
2718,桑
0837,嗓
0828,喪
2279,搔
7510,騷
2217,掃
1269,嫂
3844,瑟
5331,色
3396,澀
2773,森
0300,僧
5446,莎
4263,砂
3010,殺
0458,刹
3097,沙
4784,紗
0247,傻
0798,啥
3559,煞
4652,篩
2488,曬
3790,珊
5390,苫
2619,杉
1472,山
0444,刪
3569,煽
5904,衫
7026,閃
7104,陝
2343,擅
6365,贍
5234,膳
0810,善
3073,汕
2271,扇
2082,扇
4931,繕
8262,墒
0281,傷
0794,商
6339,賞
2517,晌
0006,上
1424,尚
5951,裳
2744,梢
2200,捎
4455,稍
3599,燒
5342,芍
0541,勺
7300,韶
1421,少
0783,哨
6730,邵
4801,紹
1158,奢
6332,賒
5748,蛇
5286,舌
5287,舍
6376,赦
2378,攝
1410,射
2042,懾
3195,涉
4357,社
6080,設
8938,砷
3947,申
0728,呻
0135,伸
6500,身
3234,深
1228,娠
4800,紳
4377,神
3088,沈
1399,審
1306,嬸
3928,甚
5200,腎
1957,慎
3334,滲
5116,聲
3932,生
3935,甥
3673,牲
0581,升
4939,繩
4164,省
4141,盛
0476,剩
0524,勝
5110,聖
1597,師
1136,失
3740,獅
2457,施
3440,濕
6108,詩
1437,屍
5723,虱
9813,十
9814,十
9815,十
9816,十
9817,十
9818,十
9819,十
0577,十
9710,十
9711,十
9712,十
9910,十
9911,十
9912,十
9913,十
9914,十
9915,十
9916,十
9917,十
9918,十
9919,十
9810,十
9811,十
9812,十
4258,石
2168,拾
2514,時
0087,什
7380,食
5793,蝕
1395,實
6221,識
0670,史
4247,矢
0169,使
1452,屎
7471,駛
1193,始
1709,式
4355,示
1102,士
0013,世
2636,柿
0057,事
2160,拭
6129,誓
6641,逝
0528,勢
2508,是
0841,嗜
0896,噬
6624,適
0099,仕
0174,侍
6847,釋
7395,飾
3044,氏
1579,市
1853,恃
1358,室
6018,視
6107,試
2392,收
2087,手
7445,首
1343,守
1108,壽
2219,授
0786,售
0649,受
4060,瘦
3757,獸
5600,蔬
2873,樞
2752,梳
2992,殊
2118,抒
6551,輸
0647,叔
5289,舒
3219,淑
3990,疏
2579,書
6370,贖
1328,孰
3578,熟
5620,薯
2540,暑
2562,曙
5002,署
5771,蜀
7810,黍
7857,鼠
1466,屬
2611,術
6615,述
2885,樹
2631,束
2050,戍
4549,豎
1065,墅
1659,庶
2422,數
3359,漱
1859,恕
0456,刷
5080,耍
2292,摔
5905,衰
3943,甩
1596,帥
2633,栓
2165,拴
7208,霜
7175,雙
3642,爽
6142,誰
3055,水
4204,睡
4451,稅
0700,吮
4226,瞬
7311,順
5293,舜
6141,說
4311,碩
2592,朔
3617,爍
2448,斯
2322,撕
0880,嘶
1835,思
4424,私
0674,司
4828,絲
2984,死
5127,肆
1408,寺
0843,嗣
0934,四
9804,四
9904,四
9704,四
0136,伺
0138,似
7393,飼
1570,巳
2646,松
5117,聳
1981,慫
7313,頌
6623,送
1345,宋
6075,訟
6139,誦
2282,搜
5318,艘
2370,擻
0870,嗽
5685,蘇
6798,酥
0198,俗
4790,素
6643,速
4725,粟
0287,僳
1043,塑
3307,溯
1372,宿
6083,訴
5126,肅
6808,酸
5537,蒜
4615,算
7173,雖
7131,隋
7151,隨
4840,綏
7557,髓
4295,碎
2979,歲
4482,穗
6659,遂
7143,隧
4378,祟
1327,孫
2275,損
4571,筍
5560,蓑
2747,梭
0778,唆
4799,縮
3851,瑣
4792,索
6956,鎖
2076,所
1042,塌
0100,他
1338,它
1247,她
1044,塔
3758,獺
2337,撻
6488,蹋
6431,踏
5158,胎
5377,苔
2127,抬
0669,臺
3141,泰
6811,酞
1132,太
1966,態
3077,汰
0973,坍
2382,攤
6304,貪
4093,癱
3492,灘
1086,壇
2905,檀
4033,痰
3389,潭
6223,譚
6151,談
0982,坦
3034,毯
5917,袒
8955,碳
2232,探
0855,歎
3516,炭
3282,湯
1048,塘
2288,搪
1016,堂
2768,棠
5228,膛
0781,唐
4743,糖
0229,倘
6507,躺
3358,淌
6396,趟
3594,燙
2223,掏
3447,濤
3325,滔
4969,絛
5426,萄
2711,桃
6625,逃
3221,淘
7118,陶
6062,討
1152,套
3676,特
5671,藤
5971,藤
7506,騰
4012,疼
6187,謄
2748,梯
0471,剔
6437,踢
6982,銻
2251,提
7344,題
6452,蹄
0805,啼
7555,體
2583,替
0908,嚏
1912,惕
3199,涕
0461,剃
1449,屜
1131,天
3240,添
1050,填
3944,田
3929,甜
1815,恬
7897,舔
5197,腆
2176,挑
2742,條
6606,迢
4189,眺
6426,跳
6317,貼
6993,鐵
1586,帖
1689,廳
8126,聽
7899,烴
3060,汀
1694,廷
0089,停
0255,停
0080,亭
1656,庭
2185,挺
5312,艇
6639,通
2717,桐
7904,酮
4227,瞳
0681,同
6894,銅
1749,彤
4547,童
2729,桶
2183,捅
4592,筒
4827,統
4027,痛
0262,偷
2121,投
7333,頭
6631,透
0424,凸
4422,禿
4499,突
0956,圖
1778,徒
6634,途
3205,塗
1458,屠
0960,土
0685,吐
0347,兔
3273,湍
0957,團
2236,推
7339,頹
5217,腿
5770,蛻
5963,褪
6622,退
0691,吞
1470,屯
5241,臀
2151,拖
2094,托
5192,脫
9676,鴕
7094,陀
7461,馱
7474,駝
2900,橢
1185,妥
2148,拓
0790,唾
2177,挖
0760,哇
5752,蛙
3173,窪
1216,娃
3907,瓦
5920,襪
2977,歪
1120,外
6261,豌
1737,彎
3494,灣
3779,玩
7316,頑
0029,丸
7909,烷
1346,完
4297,碗
2187,挽
2519,晚
4111,皖
1923,惋
1354,宛
1238,婉
8001,萬
5205,腕
3076,汪
3769,王
0072,亡
2648,枉
4986,網
1766,往
2489,旺
2598,望
1808,忘
1174,妄
1218,威
1550,巍
1792,微
0604,危
7279,韋
6672,違
2712,桅
0953,圍
0787,唯
1919,惟
3634,為
3452,濰
4850,維
5517,葦
5494,萎
1201,委
0251,偉
0298,偽
1442,尾
4885,緯
2607,未
5588,蔚
0724,味
3956,畏
5152,胃
0808,喂
7614,魏
0143,位
3262,渭
6182,謂
1414,尉
1983,慰
5898,衛
4054,瘟
3306,溫
5730,蚊
2429,文
5113,聞
4773,紋
0708,吻
4489,穩
4772,紊
0795,問
0849,嗡
5040,翁
3908,甕
2339,撾
5815,蝸
3260,渦
4519,窩
2053,我
2441,斡
5257,臥
2259,握
3087,沃
1566,巫
0839,嗚
7005,鎢
3527,烏
3064,汙
6136,誣
1450,屋
2477,無
5617,蕪
2745,梧
0710,吾
0702,吳
3019,毋
2976,武
9805,五
0063,五
9905,五
9705,五
2158,捂
0582,午
5294,舞
0124,伍
0185,侮
1051,塢
2048,戊
7212,霧
2524,晤
3670,物
0543,勿
0523,務
1889,悟
1888,誤
6137,誤
2497,昔
3556,熙
2649,析
6007,西
8970,硒
8928,矽
2530,晰
0883,嘻
0705,吸
6932,錫
3686,犧
4449,稀
1873,息
1585,希
1885,悉
5230,膝
1119,夕
1917,惜
3571,熄
7910,烯
3305,溪
3071,汐
3679,犀
2907,檄
6002,襲
1598,席
5045,習
1261,媳
0823,喜
6897,銑
3156,洗
4762,系
7138,隙
2070,戲
4798,細
4219,瞎
5802,蝦
0563,匣
7209,霞
6561,轄
2538,暇
1499,峽
0204,俠
3707,狹
0007,下
0633,廈
1115,夏
0687,嚇
2216,掀
9475,鍁
0341,先
0103,仙
7639,鮮
4960,纖
0752,鹹
6343,賢
6902,銜
5304,舷
7033,閑
3241,涎
1720,弦
1273,嫌
7359,顯
7145,險
3807,現
3759,獻
4905,縣
5177,腺
7414,餡
5029,羨
2009,憲
7119,陷
7098,限
4848,線
4161,相
1666,廂
7013,鑲
7449,香
4630,箱
5980,襄
3276,湘
6763,鄉
5046,翔
4382,祥
6116,詳
1927,想
0742,響
0078,享
7309,項
1574,巷
2895,橡
0288,像
0686,向
6272,象
5618,蕭
4285,硝
7197,霄
0465,削
0771,哮
0923,囂
6906,銷
3194,消
1366,宵
3216,淆
2556,曉
1420,小
1321,孝
2699,校
5135,肖
0876,嘯
4562,笑
2400,效
2801,楔
0067,些
2957,歇
5791,蠍
7256,鞋
0588,協
2188,挾
2377,攜
6723,邪
2438,斜
5178,脅
6168,諧
1400,寫
2750,械
0609,卸
5851,蟹
2018,懈
3118,泄
3454,瀉
6200,謝
1454,屑
5647,薪
5361,芯
6854,鋅
2946,欣
6580,辛
2450,新
1823,忻
1800,心
0207,信
5881,釁
2502,星
5206,腥
3726,猩
1932,惺
5281,興
0438,刑
0992,型
1748,形
6717,邢
5887,行
6821,醒
1630,幸
2622,杏
1840,性
1198,姓
0338,兄
0423,凶
5172,胸
0546,匈
3081,洶
7160,雄
3574,熊
0128,休
0208,修
5026,羞
2615,朽
0833,嗅
6907,鏽
4423,秀
5918,袖
4836,繡
1074,墟
2049,戌
7194,需
5711,虛
0864,噓
7312,須
1776,徐
6079,許
5552,蓄
6796,酗
0650,敘
2485,旭
1645,序
3964,畜
1865,恤
4825,絮
8296,婿
4872,緒
4958,續
6513,軒
0826,喧
1357,宣
2038,懸
2467,旋
3763,玄
6693,選
4089,癬
4181,眩
4821,絢
7247,靴
5641,薛
1331,學
4494,穴
7185,雪
5877,血
8113,勳
3575,熏
1789,循
2484,旬
6104,詢
1416,尋
7460,馴
1559,巡
2991,殉
3065,汛
6064,訓
6061,訊
6676,遜
6598,迅
1090,壓
2131,押
7693,鴉
7700,鴨
0711,呀
0021,丫
5370,芽
3660,牙
5742,蚜
1509,崖
5895,衙
5893,衙
3209,涯
7161,雅
0800,啞
0068,亞
6074,訝
3547,焉
0754,咽
7050,閹
3533,煙
3238,淹
7770,鹽
0917,嚴
4282,研
5783,蜒
1484,岩
1693,延
6056,言
7346,顏
7051,閻
3508,炎
3116,沿
1141,奄
2237,掩
4190,眼
5888,衍
3348,演
5333,豔
1037,堰
3601,燕
0630,厭
4291,硯
7159,雁
0777,唁
1750,彥
3543,焰
1365,宴
6176,諺
7526,驗
2988,殃
1135,央
7699,鴦
4441,秧
2799,楊
2254,揚
0162,佯
4046,瘍
5017,羊
3152,洋
7122,陽
8638,氧
0111,仰
4022,癢
7402,養
2876,樣
3363,漾
6700,邀
5212,腰
1179,妖
3852,瑤
2280,搖
1031,堯
6674,遙
4523,窯
6202,謠
1202,姚
0747,咬
5276,舀
5522,藥
6008,要
5069,耀
2794,椰
0888,噎
5102,耶
3639,爺
6851,野
0396,冶
0048,也
7306,頁
2227,掖
2814,業
0673,葉
2576,曳
5199,腋
1123,夜
3210,液
9701,一
0001,一
9901,一
9801,一
1105,壹
6829,醫
2253,揖
7917,銥
0181,依
0122,伊
5902,衣
7328,頤
1138,夷
6695,遺
4448,移
0308,儀
5166,胰
3992,疑
3085,沂
1355,宜
1210,姨
1744,彝
2783,椅
5852,蟻
0231,倚
1571,已
0044,乙
4248,矣
0110,以
5669,藝
2117,抑
2496,易
6712,邑
1473,屹
0310,億
1763,役
5244,臆
6654,逸
5125,肄
4004,疫
0076,亦
5939,裔
1942,意
3015,毅
2011,憶
5030,義
4135,益
3300,溢
6195,詣
6105,詣
6231,議
6146,誼
6230,譯
8381,異
5065,翼
5043,翌
4946,繹
5419,茵
5593,蔭
0936,因
3009,殷
7299,音
7113,陰
1215,姻
0692,吟
6892,銀
3230,淫
1377,寅
7390,飲
1438,尹
1714,引
7148,隱
0603,印
5391,英
2937,櫻
1305,嬰
7751,鷹
2019,應
4964,纓
3853,瑩
5821,螢
3602,營
3576,熒
5859,蠅
6601,迎
6366,贏
4134,盈
1758,影
4481,穎
4289,硬
2503,映
0847,喲
2340,擁
0096,傭
5250,臃
4092,癰
1661,庸
7167,雍
6429,踴
5769,蛹
0737,詠
3144,泳
8673,湧
3057,永
1960,恿
0516,勇
3938,用
1636,幽
0327,優
1890,悠
1992,憂
1429,尤
3945,由
6755,郵
6914,鈾
3730,猶
3111,油
3266,遊
6788,酉
2589,有
0645,友
0671,右
0147,佑
6848,釉
6131,誘
0642,又
1635,幼
6596,迂
3226,淤
0060,於
4130,盂
2810,榆
5713,虞
1946,愚
5280,輿
0151,餘
0205,俞
6661,逾
7625,魚
1938,愉
3254,渝
3342,漁
7126,隅
0056,予
1225,娛
7183,雨
1546,嶼
4416,禹
1342,宇
6133,語
5038,羽
3768,玉
1008,域
5341,芋
6735,鬱
0675,籲
6657,遇
0827,喻
1502,峪
1785,禦
1937,愈
2948,欲
3739,獄
5148,育
6235,譽
3188,浴
1384,寓
5940,裕
7315,預
6276,豫
7457,馭
7696,鴛
3220,淵
0387,冤
0337,元
0997,垣
5913,袁
0626,原
2266,援
6562,轅
0954,園
0765,員
0955,圓
3737,猿
3293,源
6678,遠
5373,苑
1959,願
1841,怨
7108,院
2574,曰
4766,約
6390,越
6460,躍
7011,鑰
1471,嶽
4727,粵
2588,月
1878,悅
7048,閱
5089,耘
0061,雲
6765,鄖
0542,勻
7134,隕
0336,允
6663,運
5686,蘊
6824,醞
2546,暈
7301,韻
1314,孕
0559,匝
4271,砸
7177,雜
2707,栽
0762,哉
3506,災
1363,宰
6528,載
0375,再
0961,在
0749,咱
2380,攢
2548,暫
6363,贊
6368,贓
5253,髒
5520,葬
6685,遭
4748,糟
7020,鑿
2764,棗
2483,早
5679,澡
5734,蚤
6481,躁
0894,噪
6644,造
4103,皂
3501,灶
3604,燥
6307,責
2344,擇
0463,則
3419,澤
6329,賊
1827,怎
1073,增
1999,憎
2582,曾
6362,贈
2089,紮
3257,渣
2610,劄
6509,軋
9484,鍘
7037,閘
4172,眨
2694,柵
2834,榨
0738,咋
0038,乍
3498,炸
6094,詐
2298,摘
7872,齋
1341,宅
4504,窄
0280,債
1396,寨
4232,瞻
3030,氈
6124,詹
4724,粘
3115,沾
4144,盞
2447,斬
6558,輾
1535,嶄
1455,展
5699,蘸
2770,棧
0594,占
2069,戰
4541,站
3277,湛
4861,綻
2874,樟
4545,章
1757,彰
3361,漳
1728,張
2222,掌
3360,漲
2627,杖
0004,丈
1600,帳
6348,賬
0101,仗
5195,脹
4066,瘴
7140,障
2156,招
2507,昭
2109,找
3113,沼
6392,趙
3564,照
4996,罩
0340,兆
5128,肇
0664,召
6686,遮
2124,折
0772,哲
5832,蟄
6568,轍
5074,者
7926,鍺
5587,蔗
6638,這
3181,浙
3791,珍
2440,斟
4176,真
3914,甄
4278,砧
5271,臻
6297,貞
6859,針
0259,偵
2650,枕
4011,疹
6085,診
7201,震
2182,振
6966,鎮
7109,陣
5544,蒸
2197,掙
4201,睜
1767,征
3717,猙
3630,爭
1850,怔
2419,整
2163,拯
2973,正
2398,政
1608,幀
4017,症
6774,鄭
6086,證
5347,芝
2655,枝
2388,支
8123,吱
5776,蜘
4249,知
5141,肢
5176,脂
3059,汁
0037,之
4930,織
5120,職
4160,直
2784,植
2994,殖
1013,執
0237,值
1212,侄
0968,址
2172,指
2972,止
6400,趾
0662,只
2482,旨
4786,紙
1807,志
2304,摯
2367,擲
5267,至
5268,致
4999,置
1615,幟
1492,峙
0455,制
2535,智
4442,秩
4460,稚
6347,質
3511,炙
4023,痔
3333,滯
3112,治
4510,窒
0022,中
4132,盅
1813,忠
6988,鐘
5907,衷
4807,終
4429,種
5209,腫
6850,重
0112,仲
5883,眾
5297,舟
0719,周
1558,州
3166,洲
6188,謅
4728,粥
6519,軸
5136,肘
1590,帚
0720,咒
4126,皺
1352,宙
2521,晝
7532,驟
3796,珠
2701,株
5753,蛛
2612,朱
3727,豬
6175,諸
6121,誅
6632,逐
4554,竹
3608,燭
3554,煮
2134,拄
4241,矚
0928,囑
0031,主
5511,著
2691,柱
0504,助
5746,蛀
6308,貯
6999,鑄
4591,築
0145,住
3137,注
4376,祝
7465,駐
2119,抓
3629,爪
2167,拽
1413,專
4331,磚
6567,轉
2332,撰
6354,賺
4637,篆
2866,樁
5944,裝
1182,妝
2326,撞
1104,壯
3692,狀
2785,椎
6923,錐
6620,追
6361,贅
1071,墜
4856,綴
6150,諄
0402,准
2191,捉
2154,拙
0587,卓
2715,桌
3820,琢
5398,茁
6791,酌
0793,啄
4192,著
3504,灼
3424,濁
5417,茲
0745,咨
6327,資
1217,姿
3320,滋
3245,淄
1320,孜
4793,紫
0098,仔
4750,籽
3324,滓
1311,子
5261,自
3356,漬
1316,字
7571,鬃
2762,棕
9338,蹤
1350,宗
4844,綜
4920,總
4912,縱
6760,鄒
6382,走
1146,奏
2213,揍
4436,租
6398,足
0586,卒
2469,族
4371,祖
6100,詛
7091,阻
4809,組
9449,鑽
4951,纂
0878,嘴
6816,醉
2584,最
4997,罪
1415,尊
6690,遵
2506,昨
1563,左
0146,佐
2683,柞
0254,做
0155,作
0976,坐
1654,座
8015,亍
8000,丌
0335,兀
0009,丐
0579,廿
9820,廿
9821,廿
9920,廿
9921,廿
9922,廿
9923,廿
9924,廿
9925,廿
9926,廿
9927,廿
9928,廿
9929,廿
9822,廿
9823,廿
9824,廿
0580,卅
9930,卅
9931,卅
0012,丕
8017,亙
0015,丞
7601,鬲
8006,孬
0893,噩
0019,丨
4417,禺
0033,丿
0552,匕
1130,夭
3641,爻
1573,卮
3045,氐
5255,胤
7447,馗
3022,毓
4203,睾
7851,鞀
0027,丶
0069,亟
7845,鼐
0045,乜
8012,乩
8016,亓
9090,羋
1319,孛
0835,嗇
0858,嘏
0090,仄
0623,厙
0625,厝
0628,厥
0631,廝
7243,靨
6372,贗
0557,匚
0672,叵
0567,匭
0566,匱
0573,匾
6358,賾
0597,卦
0596,刂
0435,刈
0437,刎
0462,剄
0453,刳
8109,劌
0481,剴
0469,剌
8104,剞
0470,剡
0468,剜
5566,蒯
1969,剽
0484,剽
8105,劂
0496,劓
0372,冂
4987,罔
8022,仉
8021,仂
0106,仡
0261,仫
0105,仞
0279,傴
0113,仳
0161,伢
7908,佤
0114,仵
0210,倀
0263,傖
0121,伉
8028,佇
0156,佞
3906,佧
2394,攸
0153,佚
0166,佝
0157,佟
0150,佗
8026,伽
0165,佶
8034,佴
0176,侑
0170,侃
0175,侏
0168,佾
0167,佻
0322,儕
8032,佼
0309,儂
0177,侔
0321,儔
0332,儼
0330,儷
8045,俅
0200,俚
8049,俁
8048,俜
0197,俑
0203,俟
0218,俸
0241,倩
8067,偌
0216,俳
0213,倬
0225,倏
0139,倮
0244,倭
0220,俾
0232,倜
0212,倌
0238,倥
0240,倨
0292,僨
0249,偃
0253,偕
0245,偈
0246,偎
8064,傯
0283,僂
0331,儻
0319,儐
8080,儺
8069,傺
0296,僖
0311,儆
0301,僭
8072,僬
0291,僦
0302,僮
0318,儇
0317,儋
0104,仝
0152,佘
0286,僉
0194,俎
7900,龠
8660,汆
4756,糴
0363,兮
1575,巽
7808,黌
7446,馘
0912,囅
5688,夔
0540,勹
0548,匍
6059,訇
0550,匐
7683,鳧
1121,夙
0349,兕
0071,亠
0350,兗
0082,亳
5981,袞
5924,袤
5978,褻
5254,臠
5938,裒
4390,稟
1299,嬴
5856,蠃
5035,羸
0391,冫
0395,冱
0399,冽
0405,冼
0382,冖
0386,塚
0388,冥
6063,訐
6069,訌
6065,訕
6209,謳
6093,詎
6077,訥
6089,詁
6084,訶
6090,詆
6096,詔
6099,詘
6095,詒
6119,誆
6120,誄
6118,詿
6113,詰
6117,詼
6123,詵
6110,詬
6112,詮
6154,諍
6294,諢
9294,諢
6103,詡
6132,誚
6138,誥
6128,誑
6155,諏
6157,諑
6152,諉
6161,諛
6159,諗
6149,諂
6144,誶
6186,諶
6169,諫
9195,謔
6181,謁
6166,諤
6170,諭
6178,諼
6173,諳
6167,諦
6171,諮
6163,諞
6206,謨
6249,讜
6204,謖
6198,諡
6194,謐
6207,謫
6237,譾
6220,譖
6222,譙
6216,譎
6250,讞
6228,譫
6244,讖
0599,卩
0610,巹
7080,阝
7082,阡
7088,阱
7090,阪
9532,阽
7092,阼
7095,陂
7102,陘
7101,陔
7106,陟
7129,隉
7112,陬
7114,陲
7116,陴
7128,隈
7124,隍
7136,隗
7147,隰
9386,邗
6714,邗
6713,邛
6782,鄺
6715,邙
6762,鄔
6720,邡
6728,邴
6729,邳
6731,邶
6777,鄴
6732,邸
6733,邰
6751,郟
6736,郅
6739,邾
6778,鄶
6742,郤
6737,郇
9398,鄆
6786,酈
6747,郢
6750,郜
6741,郗
6744,郛
9395,郫
6756,郯
9401,郾
6761,鄄
6768,鄢
6769,鄞
9410,鄣
6776,鄱
6781,鄯
6780,鄹
6784,酃
6785,酆
5368,芻
1147,奐
0535,勱
0507,劬
0508,劭
0511,劾
0776,哿
0515,勐
0521,勖
9623,勰
0533,勰
0652,叟
3610,燮
4236,矍
1692,廴
0422,凵
0053,氹
7598,鬯
0635,厶
1701,弁
3962,畚
8360,巰
0979,坌
1019,堊
1012,垡
1060,塾
1085,壅
1089,壑
0962,圩
0963,圬
8198,圪
1101,圳
1094,壙
0965,圮
8197,圯
0967,圻
0978,阪
0984,坩
8263,壟
0989,坫
1097,壚
0986,坼
8201,坻
1001,坨
0983,坭
0991,坳
7916,埡
8209,垤
8211,垌
1052,塏
1007,埏
1010,坰
0993,垓
0995,垠
8224,埕
1054,塒
8241,堝
1053,塤
1005,埒
8219,垸
1021,埴
1023,埸
1020,埤
1036,墊
8229,堋
8239,堍
8227,埽
1011,埭
8232,堀
1026,堞
1025,堙
1080,塄
1028,堠
8247,塥
8242,塬
1063,墁
1066,墉
1062,墀
7451,馨
7853,鼙
2034,懿
5336,艽
5350,艿
5340,芊
5353,芨
5339,芄
5343,芎
5344,芑
5577,薌
5346,芙
5357,芫
5366,芸
5372,芾
5362,芰
5385,苣
9167,芘
5365,芷
5360,芮
5454,莧
5500,萇
9190,蓯
5355,芩
5349,芡
5356,芪
5348,芟
5380,苄
5389,苧
5351,芤
5386,苡
5406,茉
7154,苤
5693,蘢
5404,茇
5382,苜
5447,苴
5375,苒
7305,檾
0421,茌
5394,苻
5376,苓
5596,蔦
5374,茆
1041,塋
3560,煢
5378,苕
5409,茜
5434,荑
5609,蕘
5598,蓽
5402,茈
5392,莒
7905,茼
5418,茴
5416,茱
5438,莛
5606,蕎
5415,茯
5432,荏
5429,荇
5425,荃
5634,薈
5436,薈
5424,荀
5407,茗
5654,薺
5414,茭
3684,犖
3322,滎
7915,蕁
1706,茛
5660,藎
5549,蓀
5428,荸
5535,蒔
5504,萵
5452,莠
5458,莪
5448,莓
5371,蓧
5444,蒞
5442,荼
5457,莩
5443,荽
5607,蕕
5441,荻
5450,莘
5451,莞
5456,莨
7727,鶯
5573,蓴
5464,菁
5487,萁
5473,菘
5477,堇
6055,萘
5491,萋
5486,菽
5471,菖
5489,萜
5505,萸
5495,萑
5472,菔
5460,菟
5564,萏
5488,萃
5510,菸
5484,菹
0429,菪
7726,菅
5463,菀
4896,縈
5479,菰
5496,菡
5531,葑
5513,葚
5524,葳
5621,蕆
5528,葺
5614,蕢
5527,葸
5501,萼
5508,葆
5518,葩
5589,蔞
6397,蒎
5503,萱
5521,葭
5550,蓁
5558,蓍
5562,蓐
7513,驀
1419,蒽
5563,蓓
5555,蓊
5548,蒿
5546,蒺
9201,蘺
5538,蒡
5545,蒹
7801,蒴
4538,蒗
9496,鎣
5626,蕷
5565,蔌
3918,甍
5572,蓰
5692,蘞
5590,蔟
5677,藺
5608,蕖
5575,蔻
5581,蓿
5578,蓼
5610,蕙
5622,蕈
5615,蕨
5624,蕤
5612,蕞
5601,蕺
4240,瞢
5603,蕃
5682,蘄
5584,蕻
5648,薤
5645,薨
5633,薇
5650,薏
5674,藪
5643,薜
5632,薅
5653,薹
5651,薰
5691,蘚
5664,槁
5668,藜
5681,藿
5698,蘧
5683,蘅
5694,蘩
5649,蘖
5701,蘼
1699,廾
1704,弈
8268,夼
1160,奩
1150,奕
1153,奚
1155,奘
0549,匏
1428,尢
1435,尬
1434,尷
2204,捫
2306,摶
2140,拊
2155,拚
2152,拗
2159,拮
5159,拮
8429,拶
2184,挹
2192,捋
8432,捃
4518,揶
5930,捱
2205,捺
2224,掎
2310,摑
2206,捭
2239,掬
2221,掊
2203,捩
8438,掮
2335,摜
8439,摣
2257,揠
8471,撳
2246,揄
8445,揎
2311,摒
2247,揆
2268,掾
2373,攄
2283,搠
8457,搌
2286,搦
8459,搡
5285,摞
2375,攖
2303,摭
2888,撖
2309,摺
2355,擷
2323,撙
2098,擀
8474,擐
2352,擗
2359,擢
2336,攉
1707,弋
1805,忒
8384,甙
1710,弑
0667,叱
0875,嘰
0661,叩
0660,叨
0930,叻
0688,吒
0697,吆
0718,呋
8172,嘸
8182,嚦
0713,呃
0070,吡
8142,唄
8139,咼
0715,咂
3931,哢
0727,呷
0722,呱
5129,呤
8131,咚
0905,嚀
0732,咄
0717,呦
0757,哂
8174,噠
0744,咧
0879,嘵
0874,嗶
0902,噦
8136,咻
0764,咿
0898,噲
8177,嚌
0743,咪
0741,吒
0901,噥
0860,嘜
8167,嘮
0775,哽
0767,唔
7624,嗩
0785,唏
8143,唑
0825,唧
8146,唪
0862,嘖
0816,喏
5123,啉
0921,囀
0791,啁
0751,啕
8148,啐
8147,唼
0797,啖
0570,啶
0789,唳
0799,啜
0818,喋
0852,嗒
0809,喃
0832,喹
0813,喈
0806,喁
0846,喟
0831,啾
0819,喑
0804,啻
0842,嗟
0853,嘍
8185,嚳
0845,喔
2877,喙
0840,嗪
0869,嗷
0851,嗉
0836,嗑
0922,囁
0838,嗔
0881,嗥
0897,噯
0844,嗤
6576,轡
0856,嘈
8166,嘌
0919,嚶
0871,嗾
5878,嘧
0882,嘹
0872,嘬
0887,噍
0889,噢
8168,噙
8183,嚕
0886,噌
8178,嚆
0891,噤
0904,噱
0895,噫
0865,噻
0906,嚅
0931,囗
8188,囝
8189,囡
0950,圇
0939,囫
0941,囹
0943,囿
0945,圄
8191,圊
0947,圉
0958,圜
1605,幃
1589,帙
1592,帔
1583,帑
1621,幬
1614,幘
1613,幗
1602,帷
1606,幄
1611,幔
1625,幛
8363,襆
1616,幡
1476,岌
1474,屺
8325,岍
1477,岐
1536,嶇
1483,岈
1501,峴
8324,嶴
1478,岑
1526,嵐
8326,岜
1487,岵
1482,岢
1506,崠
8328,岬
1485,岫
1486,岱
1490,岣
1475,峁
1488,岷
1542,嶧
1491,峒
1540,嶠
1493,峋
1513,崢
1555,嶗
1503,崍
1516,崧
1517,崦
8339,崮
1541,崤
8338,崞
1519,崆
1512,崛
1539,嶸
1547,崾
8343,崴
8342,崽
1531,嵬
1549,崳
1532,嵯
1530,嶁
1521,嵫
1520,嵋
1522,嵊
1529,嵩
1534,嶂
1543,嶙
6279,豳
1544,嶷
1553,巔
1761,彳
1762,彷
1790,彷
1768,徂
1770,徇
1772,徉
1775,後
1784,徠
1781,徙
1782,徜
1787,徨
1791,徭
1794,徵
1797,徼
5900,衢
1747,彡
3691,犴
3755,獷
3694,狃
3696,狁
3697,狎
6594,麅
8799,狨
3748,獪
3704,狩
3735,猻
3705,狴
3712,狷
3714,猁
8811,獫
3711,狺
3710,狻
3716,猗
3762,玀
3722,猊
3721,猞
3720,猝
8813,獼
3724,猢
3725,猥
5798,蝟
3733,猱
3742,獐
3741,獍
3744,獗
3750,獠
3749,獬
3753,獯
8814,獾
5292,舛
1127,夥
7385,飧
1126,夤
1111,夂
7424,餳
7386,飩
7426,餼
7387,飪
7388,飫
7389,飭
7384,飭
7392,飴
7401,餉
7416,餑
7411,餘
7412,餛
9600,餿
7418,饃
7431,饉
7433,饌
1640,庀
1682,廡
1644,庋
1647,庖
1652,庥
1651,庠
1641,庹
1658,庵
1662,庾
1657,庳
6342,賡
8373,廒
1668,廑
1679,廛
1685,廨
1686,廩
5235,膺
1802,忉
1806,忖
2039,懺
2007,憮
1818,忮
1814,忡
1822,忤
1958,愾
1898,悵
1955,愴
8388,忪
1817,忭
1821,忸
1833,怙
1847,怵
1839,怦
1834,怛
1828,怏
1826,怍
1842,怩
1844,怫
2022,懌
1837,怡
1975,慟
2044,懨
1933,惻
1956,愷
1852,恂
1870,恪
1926,惲
1883,悖
1884,悚
1984,慳
1887,悝
1875,悃
1881,悒
1879,悌
1886,悛
1948,愜
1901,悻
1894,悱
1918,惝
1913,惘
1907,惆
1915,惚
1897,悴
1905,慍
1950,慍
2025,憒
1945,愕
1928,惴
1934,愀
1941,愎
1953,愫
1965,慊
1986,慵
2005,憬
1997,憔
2002,憧
2023,懍
2035,懵
1812,忝
7149,隳
7025,閂
7027,閆
7057,闈
7031,閎
7036,閔
7077,闥
7047,閭
7045,閫
7596,鬮
7046,閬
7054,閾
7049,閶
7594,鬩
7064,閿
7053,閽
7052,閼
7055,闃
7060,闋
7066,闔
7063,闐
7067,闕
7074,闞
3645,爿
2056,戕
3072,汔
3066,汜
3070,汊
3488,灃
3104,沅
3092,沐
3094,沔
3090,沌
3075,汨
3102,汩
3079,汴
3080,汶
3100,沆
3415,溈
3147,泐
3121,泔
3145,沭
3478,瀧
3472,瀘
3142,泱
3128,泗
3132,泠
3148,泖
3458,濼
3138,泫
3140,泮
3108,沱
3126,泓
3139,泯
3193,涇
3180,洹
3161,洧
3153,洌
3170,湞
3150,洄
3178,洙
3154,洎
3164,洫
3420,澮
3165,洮
3169,洵
3179,洚
3338,滸
3410,潯
3168,洳
3208,涑
3248,浯
3200,淶
3246,潿
3197,涓
3198,涔
3203,浜
3054,浠
8680,浼
3183,浣
3252,渚
3217,淇
3215,淅
3247,淞
3460,瀆
3214,涿
8685,淠
3427,澠
3227,淦
3224,淝
3222,淙
3476,瀋
8692,淥
7795,涮
8699,渫
3281,湮
3274,湎
3280,湫
3309,溲
3207,湟
3375,漵
3288,湓
3289,湔
8694,渲
3259,渥
3270,湄
3495,灩
3272,溱
3308,溱
3328,溘
3490,灄
3357,漭
8714,瀅
3302,溥
3303,溧
3314,溽
3311,溷
8700,溴
8702,滏
8697,溏
3316,滂
3298,溟
3385,潢
3470,瀠
3469,瀟
3465,濫
3378,漕
3367,滹
3374,漯
3376,漶
3481,瀲
3393,瀦
3354,漪
3369,漉
3373,漩
8709,澉
3412,澍
3402,澌
3394,潸
3392,潼
3395,潺
3471,瀨
3285,濉
3430,澧
3422,澹
3436,澶
3425,濂
3446,濡
3450,濮
3456,濞
3445,濠
3451,濯
3466,瀚
3474,瀣
3467,瀛
3485,瀹
8717,瀵
3493,灝
3496,灞
1336,宀
1339,宄
1349,宕
1348,宓
1359,宥
1368,宸
1380,甯
3942,甯
7505,騫
2291,搴
1393,寤
1402,寮
5973,褰
1403,寰
6456,蹇
6190,謇
6595,辶
6603,迓
6605,迕
6608,迥
9374,迮
6607,迤
6705,邇
6609,迦
6635,逕
6610,迨
6626,逅
6614,逄
6628,逋
6710,邐
6633,逑
6630,逍
6636,逖
6645,逡
6652,逵
6653,逶
6648,逭
6629,逯
6660,遄
6668,遑
6669,遒
6667,遐
6683,遨
6673,遘
6681,遢
6675,遛
2554,暹
6689,遴
6698,遽
6702,邂
6707,邈
6706,邃
9380,邋
1739,彐
1741,彗
1740,彖
1742,彘
1440,尻
0746,咫
1453,屐
1329,孱
1460,屣
1464,屨
5037,羼
1722,弩
1725,弭
5332,艴
1732,弼
7605,鬻
1469,屮
1171,妁
1173,妃
1177,妍
8301,嫵
1277,嫗
1183,妣
1180,妗
1192,姊
1289,媯
1310,妞
1184,妤
1197,姒
1199,妲
1187,妯
1194,姍
1190,妾
1246,婭
1290,嬈
1204,姝
1309,孌
1207,姣
8280,姘
1234,姹
1222,娌
1219,娉
1257,媧
1288,嫻
8300,嫻
1223,娑
1229,娣
1232,娓
1128,婀
1239,婊
1240,婕
1233,娼
1242,婢
1292,嬋
1264,媼
1254,媛
1250,婷
1251,婺
1266,媾
1287,嫫
1274,媲
8302,嬡
1300,嬪
1263,媸
1278,嫠
1280,嫣
1297,嬙
1276,嫖
1281,嫦
1284,嫘
1286,嫜
1291,嬉
1296,嬗
1295,嬖
1303,嬲
1301,嬤
1307,孀
1427,尕
1318,孚
1325,孥
1330,孳
1315,孓
9615,駔
7475,駟
7470,駙
7507,騶
7531,驛
7466,駑
7469,駘
7522,驍
7520,驊
7478,駢
7537,驪
7496,騏
7489,騅
7515,驂
7497,騖
7514,驁
7511,騮
7509,騸
7516,驃
7500,驄
7535,驥
7534,驤
7536,驤
4761,糸
4768,紆
4765,紂
4769,紇
4770,紈
4962,纊
4789,紜
9055,紕
4782,紓
4802,紺
9057,絏
4811,紱
4900,縐
4803,紼
4806,絀
4805,紿
4818,絝
4829,絳
4837,綆
4843,綃
4835,綈
4866,綾
4860,綺
4869,緋
9064,緄
4849,綬
4859,綹
4870,綣
4852,綰
4867,緇
9065,緙
4889,緗
4895,緹
4893,緲
4936,繢
4880,緦
4794,緶
9071,緱
4899,縋
4891,緡
4897,縉
4903,縝
4909,縟
4904,縟
4908,縞
4926,縭
4898,縊
4906,縑
4952,繽
4918,縹
4915,縵
4913,縲
4924,繆
4923,繅
4956,纈
4933,繚
4938,繒
4943,韁
4953,繾
4944,繯
4957,纘
1633,么
3983,畿
1556,巛
3951,甾
6716,邕
3875,璣
3837,瑋
3776,玢
3774,玟
3778,玨
3784,珂
3891,瓏
3783,玷
3782,玳
3789,珀
3787,瑉
3786,珈
3799,珥
3797,珙
7320,頊
3815,琊
3801,珩
3804,珧
3794,珞
3886,璽
8829,琿
8834,璉
3825,琪
3841,瑛
3823,琦
3822,琥
3824,琨
8827,琰
3827,琮
3834,琬
3819,琛
3818,琚
3847,瑁
3842,瑜
3850,瑗
3838,瑕
3839,瑙
8842,璦
8835,瑭
3866,瑾
3874,璜
3892,瓔
璿,3862
璋,3872
璞,3864
璨,3877
璩,3881
璐,8840
璧,3873
3895,瓚
7289,韙
7291,韞
7290,韜
2620,杌
2626,杓
2630,杞
2617,杈
2931,櫪
2657,枇
2634,杪
2641,杳
2660,枘
8565,梘
2643,杵
2763,棖
2878,樅
2743,梟
2658,枋
2618,杷
2645,杼
2690,柰
2802,櫛
2678,柘
2934,櫳
2943,柩
2695,枰
5260,櫨
2679,柙
2664,枵
2680,柚
2663,枳
2682,柝
2738,梔
2667,枸
2685,柢
2929,櫟
2670,柁
2906,檉
2723,栲
2724,栳
8571,椏
2889,橈
2716,桎
2823,楨
2725,桄
2732,梃
8552,栝
2721,桕
2901,樺
2709,桁
2910,檜
2708,桀
2940,欒
0043,桉
2700,栩
2753,梵
2736,梏
2727,桴
2730,桷
2737,梓
2726,桫
2933,欞
2816,楮
2781,棼
2927,櫝
2858,槧
2777,棹
2774,棰
2779,槨
2803,楗
2769,棣
2791,椐
2795,椹
2809,楠
8576,楂
2808,楝
2941,欖
2813,楫
2829,榘
2825,楸
1110,椴
2846,槌
2932,櫬
2925,櫚
2848,槎
8603,櫸
2775,楦
2812,楣
2819,楹
2830,榛
2833,榧
2840,榻
2835,榫
2836,榭
2863,槔
2838,榱
2842,槁
2844,槊
2919,檳
2827,榕
2822,櫧
2865,槿
2915,檣
2880,樗
8601,櫫
2086,槲
2887,樾
2913,檠
2891,橐
2893,橛
2884,樵
8589,檎
2924,櫓
2886,樽
2898,樨
2904,橘
2928,櫞
8594,檑
2908,簷
2882,檁
2930,檗
3731,猷
3743,獒
2985,歿
2987,殂
2999,殤
2989,殄
2998,殞
3003,殮
2993,殍
3000,殫
2997,殛
3004,殯
3002,殪
6514,軔
6515,軛
6517,軲
9363,軻
6578,轤
6520,軹
6522,軼
6518,軫
6521,軤
6577,轢
6523,軺
6524,軾
6531,輊
6530,輇
6526,輅
6532,輒
6542,輦
6545,輞
6541,輟
6539,輜
6550,輳
6564,轆
9368,轔
2055,戔
2059,戛
2060,戟
2061,戢
2063,戡
2062,戥
2072,戤
2065,戩
5258,臧
3917,甌
3909,瓴
3916,瓿
8853,甏
3920,甑
3921,甓
2391,攴
2486,旰
8504,昊
2560,曇
2640,杲
2493,昃
2500,昕
8502,昀
8732,炅
2578,曷
2501,昝
2510,昴
2509,昱
2512,昶
2511,昵
5075,耆
8508,晟
8518,曄
2513,晁
2518,晏
2547,暉
2523,晡
2498,晗
2534,晷
2537,暄
8514,暌
8519,曖
2544,暝
2557,暾
2564,曛
2565,曜
2569,曦
2571,曩
6321,賁
6322,貰
6315,貺
6318,貽
6360,贄
6309,貲
6326,賅
6367,贐
6331,賑
6336,賚
6434,賕
6334,賕
6340,齎
6355,賻
6019,覘
6025,覬
6021,覡
6032,覿
6022,覦
6026,覯
6027,覲
6028,覷
8781,牮
3663,牝
3036,犛
3672,牯
3678,牿
8787,犄
3674,犋
3682,犍
3683,犒
2173,挈
2199,挲
8428,掰
8466,搿
2353,擘
5073,耄
3035,毳
8633,毿
3039,毹
3037,氅
5272,氌
7239,氆
3042,氍
8646,氕
8647,氘
7912,氙
8648,氚
0598,氡
8645,氬
3052,氤
4121,氪
3053,氳
2406,敕
8490,敫
3658,牘
3655,牒
3657,牖
3633,爰
5716,虢
0440,刖
9109,肜
5134,肓
3661,肼
5147,肱
5145,肫
5149,肴
5222,膁
2604,朧
0616,腖
5251,臚
9113,胛
5155,胂
5153,胄
5161,胙
5157,胍
2593,朐
5164,胝
5185,脛
5180,胱
0634,胴
5168,胭
5239,膾
5173,胼
2596,朕
5167,脒
6270,豚
9120,脞
5193,脬
5184,脘
6295,脲
5187,腈
9131,醃
5203,腓
5208,腴
5213,腱
5216,腠
5220,腩
7890,齶
1039,塍
1262,媵
5224,膈
5219,膂
9141,臏
3326,滕
1746,臌
2603,朦
5246,臊
5238,膻
2968,歟
2950,欷
2951,欹
2955,歃
2956,歆
2965,歙
9587,颮
7366,颯
7367,颶
7372,颼
7374,飆
3007,殳
1733,彀
6560,轂
6049,觳
2431,斐
7874,齏
2433,斕
2456,於
2465,旆
2463,旄
2462,旃
2468,旌
2459,旎
2471,旒
2470,旖
3568,煬
3555,煒
3625,燉
7294,熗
3522,炷
3514,炫
3520,炱
8763,燁
1799,焓
3626,燜
8746,焱
3558,煜
3566,煨
3548,煆
3551,煊
8759,熳
7772,熵
3580,熨
3584,熠
3603,燠
3600,燔
3606,燧
3611,燹
3622,爝
3627,爨
3614,燾
3563,煦
3588,熹
2074,戾
2077,戽
2079,扃
2083,扈
2084,扉
4358,祀
4360,祆
4363,祉
4374,祛
5925,祛
4375,祜
4369,祓
4373,祚
4410,禰
4372,祗
4379,祠
4394,禎
4383,祧
4388,祺
4407,禪
4397,禊
8981,禚
4406,禧
4412,禳
1810,忑
1809,忐
2029,懟
1862,恝
1861,恚
1867,恧
1851,恁
1860,恙
1864,恣
1952,愨
1936,愆
1940,湣
1973,慝
2004,憩
2000,憝
2021,懋
2030,懣
2045,戇
5124,聿
3101,遝
8693,淼
4335,磯
1632,矸
4307,碭
4264,砉
4287,硨
1116,砘
4267,砑
4273,斫
4269,砭
4277,碸
8935,砝
6394,砝
0032,砹
4350,礪
4352,礱
4270,砟
4279,砼
4272,砥
4246,砬
8932,砣
1468,砩
4283,硎
8947,硭
4286,硤
4338,磽
4274,砦
8943,硐
6257,硇
8948,硪
4332,磧
4302,碓
8951,碚
4299,碇
4304,碡
4309,碣
0556,碲
4325,磔
4324,滾
4327,磉
4334,磬
4336,磲
4321,礅
4347,磴
8968,礞
4353,礴
7896,龕
7832,黹
7833,黻
7834,黼
4173,盱
4165,眄
8901,盹
4166,眇
4167,眈
8904,眚
8905,眢
4182,眙
4242,眭
4180,眥
4184,眵
4188,眸
4202,睞
3636,瞼
4195,睇
4199,睚
4194,睨
4205,睢
4211,睥
4213,睿
4218,瞍
8915,睽
4214,瞀
4209,瞌
4220,瞑
8918,瞟
4222,瞠
4230,瞰
4233,瞽
3957,町
3952,畀
3955,畎
3953,畋
8858,畈
9426,畈
3963,畛
3974,佘
3979,畹
8859,疃
4989,罘
4993,罡
4992,罟
6091,詈
5001,罨
5013,羆
4493,罱
5008,罹
5015,羈
9088,罾
4137,盍
4150,盥
5873,蠲
1576,釓
7918,釔
9437,釙
6856,釗
5100,釕
7907,釷
6861,釧
9438,釤
5330,鍆
6865,釵
6381,釹
0359,鈈
7835,鈦
6880,钜
6870,鈐
9443,鈁
3993,鈧
9445,鈄
2982,鈥
6867,鈀
6877,鈺
6891,鉦
6895,鈷
4100,鈳
7182,鉕
6876,鈸
6885,鉞
9453,鉬
7843,鉭
6879,鈿
7007,鑠
7775,鈰
6881,鉉
7809,鉈
6940,鉍
6281,鈮
9448,鈹
6995,鐸
9456,銬
4553,銠
1436,鉺
7921,銪
6911,鋏
6984,鐃
6997,鐺
7920,銦
6963,鎧
6899,銖
6910,鋌
0576,銩
6985,鏵
6898,銓
1760,鉿
9494,鎩
6903,銚
6927,錚
7597,銫
6893,銃
6941,銨
7560,銣
6909,鐒
4414,錸
7870,鋱
6972,鏗
9465,鋰
1691,鋯
1154,鋨
6908,銼
9466,鋝
3987,鉲
9505,鐧
9467,鋃
6913,鋟
3767,鋦
0026,錒
9478,錆
6959,鍩
6935,錛
0539,鍀
9481,錁
6924,錕
6933,錮
6844,錇
9477,錟
6926,錙
6951,鍥
6946,鍇
7600,鍶
6948,鍔
6950,鍤
6953,鍰
0028,鎄
6979,鏤
6973,鏘
1561,鐨
5296,鋂
9493,鎘
6990,鐫
6014,錼
9490,鎦
6965,鎰
3006,鎵
7001,鑌
6977,鏢
6974,鏜
6976,鏝
6978,鏞
6968,鏃
6970,鏑
9509,鐔
9510,钁
7235,鏷
5266,鑥
9503,鐓
4420,鑭
9506,鐠
0381,鑹
6987,鏹
鑊,6989
鐲,7000
鐿,6992
鑣,7919
鍾,7009
矧,6945
8926,矬
7164,雉
4431,秕
4444,秭
4438,秣
4443,秫
7251,穭
1518,嵇
4450,稂
4459,稞
4457,稔
4466,稹
4469,稷
4484,穡
7811,黏
7450,馥
4492,穰
4107,皈
4109,皎
4110,皓
2531,皙
4112,皙
4115,皤
3901,瓞
3902,瓠
3941,甬
7682,鳩
7687,鳶
7691,鴇
7690,鴆
7698,鴣
7760,鸕
7702,鴝
7689,鴟
7748,鷥
7747,鷙
7707,鵂
7762,鸞
7712,鵓
7765,鸝
7711,鵠
7714,鵒
7708,鵜
7713,鵡
7715,鵪
7718,鶉
7724,鶘
7725,鶚
7732,鶿
7740,鷂
7738,鶼
7761,鸚
7744,鷓
7754,鷯
7753,鷦
7750,鷲
7755,鷲
7756,鷸
7752,鷺
7764,鸛
3994,疒
3995,疔
4081,癤
4087,癘
3999,疝
4078,鬁
4001,疣
4007,疳
4008,屙
4010,疸
4005,痄
6711,皰
4020,疰
3996,痃
4018,痂
4042,瘂
4021,痍
4029,痣
4072,癆
8871,痤
4073,癇
4025,痧
8873,瘃
4032,痱
4037,痼
4039,痿
4049,瘐
4040,瘀
8883,癉
8877,瘌
4053,瘞
4059,瘥
4068,瘺
4051,瘕
4069,瘼
4057,瘢
4055,瘠
8880,瘭
4064,瘰
4086,癭
4067,瘵
4071,癃
4090,癮
4065,瘳
4088,癩
4080,癜
4075,癖
4094,癲
4091,臒
5042,翊
4548,竦
4497,穸
4498,穹
4503,窀
4506,窆
4507,窈
4511,窕
4535,竇
4517,窠
4521,窬
4526,窶
4524,窳
5908,衩
5906,衲
5910,衽
5912,衿
5927,袂
5983,袢
5991,襠
9260,褳
5935,裎
5990,襝
5950,裱
5969,褚
5954,裼
5947,裨
5957,裾
5949,裰
5968,褡
5967,褙
5965,褓
5997,褸
5959,褊
5996,襤
5972,褫
4404,褫
5977,褶
5982,繈
5993,襦
3988,疋
5171,胥
4125,皸
4123,皴
4244,矜
5085,耒
5086,耔
0390,耖
5091,耜
2605,耠
5092,耮
5096,耦
5098,耬
5095,耩
5097,耨
5077,耋
5106,聃
5107,聆
5109,聒
5118,聵
9107,聱
6009,覃
7310,頇
7322,頎
7314,頏
7327,頡
9577,頜
3379,潁
7336,潁
7331,頦
7318,頷
7329,顎
7348,顓
7354,顢
7350,顙
7355,顥
7360,顰
5705,虍
5709,虔
5876,虯
5843,蟣
5860,蠆
5726,虺
5724,虻
5738,蚨
5728,蚍
5731,蚋
9223,蜆
5823,蠔
5735,蚧
5733,蚣
5737,蚪
5727,蚓
5736,蚩
5743,蚶
5745,蛄
5869,蠣
5740,蚰
5741,蚱
5739,蚯
5749,蛉
5855,蟶
5757,蛩
5758,蛺
7455,蟯
5759,蛭
5825,螄
5792,蛐
5767,蜓
4157,蛞
9242,蠐
5754,蛟
5761,蛘
5750,蛑
5763,蜃
5764,蜇
5768,蛸
5765,蜈
5774,蜊
5773,蜍
5772,蜉
5780,蜣
5808,蜻
5786,蜞
5782,蜥
5790,蜮
5777,蜚
5811,蜾
5841,蟈
5785,蜴
7023,蜱
5781,蜩
5806,蜷
5800,蜿
5788,螂
5789,蜢
5813,蝻
5799,蝠
5809,蝌
5803,蝮
9227,蝓
5812,蝣
5829,螻
9230,蝤
5796,蝙
5801,蝥
9231,螓
5837,螯
5819,蟎
5845,蟒
5840,蟆
7911,螅
5835,螭
9236,螗
5824,螃
5826,螫
2434,蟥
5834,螬
9237,螵
5838,螳
5842,蟋
5830,螽
7924,蟑
5839,蟀
5833,蟊
5846,蟛
5844,蟪
5847,蟠
5807,蟮
5863,蠖
5817,蠓
5853,蟾
5864,蠛
5867,蠡
5871,蠹
4970,缶
4981,罌
4977,罄
4978,罅
5288,舐
4555,竺
4556,竽
4559,笈
4648,篤
4558,笄
4600,筧
4560,笊
4573,笫
4561,笏
4582,筇
4572,笪
4563,笙
4575,笮
4578,笱
4567,笠
4568,笥
4566,笤
4579,笳
4710,籩
4565,笞
9010,筘
4656,篳
4580,筅
4605,筵
4586,筌
4620,箏
4596,筠
4602,筮
4603,筲
4607,筱
4621,箐
4660,簀
4640,篋
4632,箸
4527,箬
4627,箬
4617,箝
4703,籜
4673,簞
4625,箜
4682,簫
4631,箴
4676,簣
4635,篁
4667,篌
4645,篝
4644,篚
9018,篥
4653,篦
4654,篪
4665,簌
4668,篾
4666,簏
1113,籪
4663,簋
4672,簟
4681,簪
4678,簦
4684,簸
4704,籟
4699,籀
5274,臾
5275,舁
5277,舂
5278,舄
5262,臬
5880,衄
5299,舡
9152,舢
5320,艤
9153,舨
5302,舫
5308,舸
5325,艫
5310,舳
5311,舴
5314,艄
5313,艋
5321,艟
5322,艨
5911,衾
5934,嫋
5914,袈
5941,裘
5945,裟
9268,襞
5025,羝
7278,羥
5033,羧
5031,羯
7856,羰
5032,羲
4729,秈
2401,敉
4757,粑
4755,糲
4759,糶
9035,粞
4726,粢
4732,粲
4736,粼
9040,粽
4746,糝
4742,餱
9048,糌
0371,糍
4738,糈
9041,糅
4744,糗
5327,艮
2555,暨
5056,羿
5044,翎
5047,翕
5053,翥
5051,翡
5054,翦
5055,翩
5058,翮
5061,翳
4916,縶
4847,綦
4851,綮
4925,繇
4966,纛
9690,麩
7800,麴
6383,赳
6388,趄
9328,趲
6377,赧
6379,赭
6263,豇
6262,豉
6789,酊
1638,酐
6793,酎
6559,酏
6800,酤
6797,酢
6801,酡
7913,醯
6802,酩
7927,酯
9433,釅
9432,釃
6805,酲
6809,酴
6810,酹
4128,醌
6813,醅
6820,醐
6819,醍
9428,醑
6826,醢
7864,醣
6828,醪
0085,醭
6831,醮
6832,醯
6835,醵
6833,醴
6836,醺
6269,豕
7771,鹺
6485,躉
6417,跫
6464,蹙
9345,蹩
6399,趵
3644,趼
6402,趺
6461,蹌
6412,蹠
6416,跗
6413,跚
6491,躒
6408,跎
6409,跏
6414,跛
6423,跬
6475,蹺
6462,蹕
6420,跣
6494,躚
6487,躋
9332,跤
6428,踉
6427,跽
6433,踔
6435,踝
6442,踟
6492,躓
6443,踮
6438,踣
6490,躑
6454,蹀
6447,踹
6446,踵
6449,踽
6453,踱
6458,蹉
6450,蹁
6451,蹂
6495,躡
6466,蹣
6459,蹊
1793,蹊
6480,躕
6474,蹶
6349,蹼
9349,蹼
6471,蹯
6473,蹴
6483,躅
6497,躪
6493,躔
6489,躐
9351,躞
6282,豸
6285,貂
6289,貊
6287,貅
6293,貔
2437,斛
6039,觖
6050,觴
6040,觚
9278,觜
6044,觥
6046,觫
6052,觶
6088,訾
6205,謦
7232,靚
7184,雩
7084,雩
7225,靂
7186,雯
7200,霆
7221,霽
7198,霈
7204,霏
7203,霎
7214,霪
7224,靄
7213,霰
7877,霾
7223,齔
7880,齟
7882,齠
7883,齦
7886,齬
7887,齪
7891,齷
7836,黽
7837,黿
7842,鼉
7155,隹
7157,隼
7165,雋
7168,雎
7170,雒
4234,瞿
6241,讎
7019,鑾
6983,鏨
9482,鍪
9495,鏊
9497,鎏
9515,鑫
7626,魷
7629,魴
9641,鮁
7630,鯰
7678,鱸
4479,穌
7631,鮒
7670,鱟
7632,鮐
7634,鮭
9643,鮚
7635,鮪
9642,鮞
9662,鱭
7640,鮫
7638,鯗
7669,鱘
7643,鯁
7657,鱺
9654,鰱
3028,鰹
7661,鰣
9655,鰷
7641,鯀
7644,鯊
7652,鯇
7651,鯽
7645,鯖
7677,鯪
9646,鯫
9656,鯡
7649,鯤
7647,鯧
9657,鯝
7646,鯢
7664,鯰
9648,鯛
9647,鯔
7654,鰈
9653,鱷
7655,鰍
9652,鰒
9650,鰉
7653,鯿
7663,鼇
7662,鰭
9660,鰨
7659,鰥
5016,鰳
7674,鰾
7914,鱈
7665,鰻
7676,鰵
9663,鱅
7675,鱖
7668,鱔
7923,鱒
9661,鱧
9557,靼
7248,鞅
7275,韃
7277,韉
7265,鞫
7558,鞣
7271,鞲
7272,韝
7543,骱
7544,骰
7545,骷
7737,鶻
7541,骶
7547,骼
9629,髁
7549,髀
7551,髏
7556,髖
7553,髑
7613,魅
7610,魃
7623,魘
7619,魎
7617,魈
7618,魍
7620,魑
7440,饗
7441,饜
7421,餮
7439,饕
7438,饔
7561,髟
7562,髡
7565,髦
7570,髯
7567,髫
7573,髻
7568,髭
7574,髹
7576,鬈
7589,鬢
7587,鬟
7588,鬣
7803,麽
7804,麾
4919,縻
7774,麂
8448,麇
7778,麇
7779,麈
7780,麋
2209,麋
7784,麒
6971,鏖
7790,麝
7792,麟
7818,黛
7819,黜
7821,黝
7822,黠
9694,黟
7830,黷
7824,黧
7823,黥
7826,黯
7858,鼢
7860,鼬
7861,鼯
7862,鼴
7863,鼷
7866,鼽
7867,鼾
